


insert into plot values ('1', '20 X 30');
insert into plot values ('2', '30 X 50');
insert into plot values ('3', '40 X 60');
insert into plot values ('4', '50 X 80');
insert into plot values ('5', '30 X 40');
insert into plot values ('6', '50 X 30');
insert into plot values ('7', '30 X 40');
insert into plot values ('8', '40 X 50');
insert into plot values ('9', '60 X 40');
insert into plot values ('10', '70 X 50');











insert into person values('Anish','Kohli','4759 8110 9978','30','Engineer','Outside Colony');
insert into person values('Prithvi','Shaw','5768 9765 1234','35','Real Estate','Outside Colony');
insert into person values('Virat','Sharma','3124 5667 8908','40','IT Consultant','Outside Colony');
insert into person values('Mukesh','Ambani','9876 5467 3252','30','Buisnessman','Inside Colony');
insert into person values('Harshad','Mehta','6373 6328 9432','30','Investor','Outside Colony');
insert into person values('Sameer','Sanjeevi','4511 8125 9134','30','Journalist','Inside Colony');
insert into person values('Pranav','Bidare','6321 4378 5294','30','CA','Outside Colony');
insert into person values('Manogna','R','5478 7601 6591','30','Investor','Inside Colony');
insert into person values('Srushti','S','9086 8751 3299','30','Retired','Outside Colony');
insert into person values('Sam','Gayle','7013 8971 6544','30','Retired','Outside Colony');
insert into person values('Sachin','Tendulkar','1234 4321 1234','46','Cricketer','Inside Colony');
insert into person values('Salman',	'Khan', '4321 1234 4321','52','Actor','Inside Colony');
insert into person values('KL','Rahul','5678 8765 5678','29','Cricketer','Inside Colony');
insert into person values('Neeta','Ambani','8765 5678 8765',	'52',	'Industrialist','Inside Colony');
insert into person values('Amir','Khan','1324 4231 1324','50','Actor','Inside Colony');
insert into person values('Shraddha','Kapoor','4231 1324 4231','32',	'Actress','Inside Colony');
insert into person values('Shahrukh','Khan',	'5768 8675 5768','55',	'Actor','Inside Colony');
insert into person values('Kiara','Advani','8675 5768 8675','26','Actress','Inside Colony');
insert into person values('Hrithik',	'Roshan', '1234 5678 9101',	'45',	'Actor','Inside Colony');
insert into person values('Saif', 'Ali Khan','1019 8765 4321', '54',	'Actor','Inside Colony');
insert into person values('Anjali',  	'Tendulkar',		'1234 4321 1235',	'48',	'Doctor','Inside Colony');
insert into person values('Ranveer',	'Singh','4321 1234 4322',	'33',	'Singer','Inside Colony');
insert into person values('Kannur',	'Lokesh','5678 8765 5679',	'65',	'Banker','Inside Colony');
insert into person values('Aakash',	'Ambani',		'8765 5678 8766',	'35',	'Businessman','Inside Colony');
insert into person values('Kiran',	'Khan',		'1324 4231 1325',	'54',	'Fashion Designer','Inside Colony');
insert into person values('Karishma',	'Kapoor',		'4231 1324 4232',	'40',	'Stylist','Inside Colony');
insert into person values('Gowri',	'Khan',		'5768 8675 5769',	'50',	'Interior Designer','Inside Colony');
insert into person values('Aalia',	'Bhat',		'8675 5768 8676',	'28',	'Actress','Inside Colony');
insert into person values('Rakesh', 	'Roshan',		'1234 5678 9102',	'70',	'Retired','Inside Colony');
insert into person values('Kareena',	'Kapoor',		'1019 8765 4322',	'46',	'Actress','Inside Colony');






insert into owns values ('1', '4759 8110 9978','2015');
insert into owns values ('2', '5768 9765 1234','2016');
insert into owns values ('3', '3124 5667 8908','2015');
insert into owns values ('4', '9876 5467 3252','2016');
insert into owns values ('5', '6373 6328 9432','2014');
insert into owns values ('6', '4511 8125 9134','2018');
insert into owns values ('7', '6321 4378 5294','2020');
insert into owns values ('8', '5478 7601 6591','2021');
insert into owns values ('9', '9086 8751 3299','2019');
insert into owns values ('10', '7013 8971 6544','2020');














insert into stays_in values('1234 4321 1234',	'1',	'2016');
insert into stays_in values('4321 1234 4321',	'2',	'2017');
insert into stays_in values('5678 8765 5678',	'3',	'2016');
insert into stays_in values('8765 5678 8765',	'4',	'2017');
insert into stays_in values('1324 4231 1324',	'5',	'2015');
insert into stays_in values('4231 1324 4231',	'6',	'2018');
insert into stays_in values('5768 8675 5768',	'7',	'2020');
insert into stays_in values('8675 5768 8675',	'8',	'2021');
insert into stays_in values('1234 5678 9101',	'9',	'2019');
insert into stays_in values('1019 8765 4321',	'10',	'2020');
insert into stays_in values('1234 4321 1235',	'1',	'2016');
insert into stays_in values('4321 1234 4322',	'2',	'2017');
insert into stays_in values('5678 8765 5679',	'3',	'2016');
insert into stays_in values('8765 5678 8766',	'4',	'2017');
insert into stays_in values('1324 4231 1325',	'5',	'2015');
insert into stays_in values('4231 1324 4232',	'6',	'2018');
insert into stays_in values('5768 8675 5769',	'7',	'2020');
insert into stays_in values('8675 5768 8676',	'8',	'2021');
insert into stays_in values('1234 5678 9102',	'9',	'2019');
insert into stays_in values('1019 8765 4322',	'10',	'2020');
insert into stays_in values('5478 7601 6591',	'8',	'2021');
insert into stays_in values('4511 8125 9134',	'6',	'2018');
insert into stays_in values('9876 5467 3252',	'4',	'2016');















insert into facilities values('Gym','Community','10 yrs');
insert into facilities values('Pool','PVT','5 yrs');
insert into facilities values('Park','Community','lifetime');
insert into facilities values('Club House','Community','10 yrs');
insert into facilities values('Badminton Court','Community','10 yrs');
insert into facilities values('BB Court','Community','lifetime');
insert into facilities values('Amphitheatre','Community','lifetime');
insert into facilities values('Movie Hall','PVT','lifetime');
insert into facilities values('Library','Community','lifetime');


















insert into uses values('Gym',	'1234 4321 1234',	'2016',	'10 Yrs');
insert into uses values('Pool',	'4321 1234 4321',	'2017',	'5 yrs');
insert into uses values('Park',	'5678 8765 5678',	'2016',	'Lifetime');
insert into uses values('Club House',	'8765 5678 8765',	'2017',	'10 YRS');
insert into uses values('Badminton Court',	'1324 4231 1324',	'2015',	'10 YRS');
insert into uses values('BB Court',	'4231 1324 4231',	'2018',	'Lifetime');
insert into uses values('Amphitheatre',	'5768 8675 5768',	'2020',	'Lifetime');
insert into uses values('Movie Hall',	'8675 5768 8675',	'2021',	'Lifetime');
insert into uses values('Library',	'1234 5678 9101',	'2019',	'Lifetime');
insert into uses values('Gym',	'1019 8765 4321',	'2020',	'10 Yrs');
insert into uses values('Pool',	'1234 4321 1235',	'2016',	'5 yrs');
insert into uses values('Park',	'4321 1234 4322',	'2017',	'Lifetime');
insert into uses values('Club House',	'5678 8765 5679',	'2016',	'10 YRS');
insert into uses values('Badminton Court',	'8765 5678 8766',	'2017',	'10 YRS');
insert into uses values('BB Court',	'1324 4231 1325',	'2015',	'Lifetime');
insert into uses values('Amphitheatre',	'4231 1324 4232',	'2018',	'Lifetime');
insert into uses values('Movie Hall',	'5768 8675 5769',	'2020',	'Lifetime');
insert into uses values('Library',	'8675 5768 8676',	'2021',	'Lifetime');
insert into uses values('Gym',	'1234 5678 9102',	'2019',	'10 Yrs');
insert into uses values('Pool',	'1019 8765 4322',	'2020',	'5 yrs');
insert into uses values('Park',	'5478 7601 6591',	'2021',	'Lifetime');
insert into uses values('Club House',	'4511 8125 9134',	'2018',	'10 YRS');
insert into uses values('Badminton Court',	'9876 5467 3252',	'2016',	'10 YRS');
insert into uses values('BB Court',	'1234 4321 1234',	'2016',	'Lifetime');
insert into uses values('Amphitheatre',	'4321 1234 4321',	'2017',	'Lifetime');
insert into uses values('Movie Hall',	'5678 8765 5678',	'2016',	'Lifetime');
insert into uses values('Library',	'8765 5678 8765',	'2017',	'Lifetime');










insert into eco_factors values('1','dry waste','YES','2','S Heater','NO','20000');
insert into eco_factors values('2','dry waste','YES','1','S Heater & Lighting','NO','18000');
insert into eco_factors values('3','no','NO','2','NIL','NO','24000');
insert into eco_factors values('4','no','NO','3','S Heater','NO','30000');
insert into eco_factors values('5','wet waste','NO','2','NIL','YES','25000');
insert into eco_factors values('6','no','YES','1','S Heater','YES','21000');
insert into eco_factors values('7','no','NO','4','NIL','YES','35000');
insert into eco_factors values('8','wet waste','NO','1','NIL','YES','19000');
insert into eco_factors values('9','e waste','YES','2','S Heater','YES','20000');
insert into eco_factors values('10','e waste','YES','2','S Heater & Lighting','YES','18000');



insert into vehicles values('1','2','1','0','NULL');
insert into vehicles values('2','1','1','0','NULL');
insert into vehicles values('3','2','1','1','Cycle');
insert into vehicles values('4','3','2','1','NULL');
insert into vehicles values('5','2','1','1', ARRAY ['Cycle','CNG vehicle']);
insert into vehicles values('6','1','1','0','NULL');
insert into vehicles values('7','4','1','2', ARRAY ['Cycle','CNG vehicle']);
insert into vehicles values('8','1','1','0','NULL');
insert into vehicles values('9','2','1','0','NULL');
insert into vehicles values('10','2','1','1','NULL');



insert into house values('100','1','1','1','1');
insert into house values('101','2','2','3','1');
insert into house values('102','3','3','5','2');
insert into house values('103','4','4','6','3');
insert into house values('104','5','2','3','1');
insert into house values('105','6','2','3','1');
insert into house values('106','7','2','3','1');
insert into house values('107','8','3','5','2');
insert into house values('108','9','4','6','2');
insert into house values('109','10','4','6','3');

























